{
  "fallback:cf7b1d292be16c83": 0.05,
  "fallback:9a3c94c00ad8b85e": 0.05,
  "fallback:6c24855fb78864a1": 0.1,
  "arxiv:2602.17665": 0.75,
  "arxiv:2602.17664": 0.85,
  "arxiv:2602.17663": 0.35,
  "arxiv:2602.17660": 0.05,
  "arxiv:2602.17659": 0.78,
  "arxiv:2602.17658": 0.88,
  "arxiv:2602.17654": 0.65,
  "arxiv:2602.17653": 0.7,
  "arxiv:2602.17639": 0.55,
  "arxiv:2602.17636": 0.25,
  "arxiv:2602.17634": 0.75,
  "arxiv:2602.17633": 0.8,
  "arxiv:2602.17623": 0.78,
  "arxiv:2602.17622": 0.72,
  "arxiv:2602.17616": 0.85,
  "arxiv:2602.17611": 0.0,
  "arxiv:2602.17607": 0.75,
  "arxiv:2602.17602": 0.25,
  "arxiv:2602.17599": 0.65,
  "arxiv:2602.17598": 0.85,
  "arxiv:2602.17594": 0.8,
  "arxiv:2602.17588": 0.8,
  "arxiv:2602.17584": 0.85,
  "arxiv:2602.17578": 0.05,
  "arxiv:2602.17569": 0.0,
  "arxiv:2602.17565": 0.75,
  "arxiv:2602.17560": 0.9,
  "arxiv:2602.17558": 0.75,
  "arxiv:2602.17555": 0.7,
  "arxiv:2602.17550": 0.85,
  "arxiv:2602.17547": 0.85,
  "arxiv:2602.17546": 0.8,
  "arxiv:2602.17544": 0.88,
  "arxiv:2602.17542": 0.45,
  "arxiv:2602.17541": 0.05,
  "arxiv:2602.17535": 0.75,
  "arxiv:2602.17532": 0.85,
  "arxiv:2602.17531": 0.2,
  "arxiv:2602.17529": 0.7,
  "arxiv:2602.17528": 0.65,
  "arxiv:2602.17526": 0.9,
  "arxiv:2602.17525": 0.85,
  "arxiv:2602.17520": 0.8,
  "arxiv:2602.17518": 0.75,
  "arxiv:2602.17510": 0.78,
  "arxiv:2602.17508": 0.65,
  "arxiv:2602.17500": 0.05,
  "arxiv:2602.17497": 0.85,
  "arxiv:2602.17495": 0.05,
  "arxiv:2602.17483": 0.88,
  "arxiv:2602.17481": 0.65,
  "arxiv:2602.17475": 0.75,
  "arxiv:2602.17471": 0.05,
  "arxiv:2602.17469": 0.75,
  "arxiv:2602.17465": 0.7,
  "arxiv:2602.17452": 0.8,
  "arxiv:2602.17450": 0.4,
  "arxiv:2602.17448": 0.2,
  "arxiv:2602.17443": 0.75,
  "arxiv:2602.17442": 0.7,
  "arxiv:2602.17434": 0.72,
  "arxiv:2602.17433": 0.78,
  "arxiv:2602.17431": 0.75,
  "arxiv:2602.17425": 0.65,
  "arxiv:2602.17419": 0.7,
  "arxiv:2602.17418": 0.2,
  "arxiv:2602.17414": 0.7,
  "arxiv:2602.17413": 0.72,
  "arxiv:2602.17410": 0.75,
  "arxiv:2602.17386": 0.78,
  "arxiv:2602.17375": 0.88,
  "arxiv:2602.17365": 0.87,
  "arxiv:2602.17363": 0.85,
  "arxiv:2602.17357": 0.75,
  "arxiv:2602.17354": 0.65,
  "arxiv:2602.17353": 0.15,
  "arxiv:2602.17342": 0.7,
  "arxiv:2602.17339": 0.05,
  "arxiv:2602.17330": 0.25,
  "arxiv:2602.17327": 0.65,
  "arxiv:2602.17318": 0.2,
  "arxiv:2602.17316": 0.75,
  "arxiv:2602.17312": 0.85,
  "arxiv:2602.17308": 0.2,
  "arxiv:2602.17288": 0.75,
  "arxiv:2602.17284": 0.7,
  "arxiv:2602.17282": 0.2,
  "arxiv:2602.17271": 0.7,
  "arxiv:2602.17270": 0.85,
  "arxiv:2602.17264": 0.7,
  "arxiv:2602.17262": 0.8,
  "arxiv:2602.17259": 0.85,
  "arxiv:2602.17251": 0.2,
  "arxiv:2602.17250": 0.1,
  "arxiv:2602.17245": 0.75,
  "arxiv:2602.17234": 0.8,
  "arxiv:2602.17229": 0.85,
  "arxiv:2602.17223": 0.8,
  "arxiv:2602.17221": 0.2,
  "arxiv:2602.17216": 0.55,
  "arxiv:2602.17215": 0.65,
  "arxiv:2602.17211": 0.88,
  "arxiv:2602.17206": 0.65,
  "arxiv:2602.17203": 0.75,
  "arxiv:2602.17196": 0.8,
  "arxiv:2602.17186": 0.8,
  "arxiv:2602.17185": 0.35,
  "arxiv:2602.17183": 0.75,
  "arxiv:2602.17176": 0.35,
  "arxiv:2602.17173": 0.0,
  "arxiv:2602.17170": 0.78,
  "arxiv:2602.17169": 0.8,
  "arxiv:2602.17168": 0.85,
  "fallback:1be4363aa25716fa": 0.2,
  "arxiv:2602.17162": 0.88,
  "fallback:9c836f2795128c3a": 0.05,
  "fallback:fcbf948f2e957168": 0.05,
  "fallback:70b04b512e5b8d61": 0.75,
  "arxiv:2602.17145": 0.65,
  "arxiv:2602.17133": 0.8,
  "arxiv:2602.17130": 0.4,
  "arxiv:2602.17127": 0.9,
  "arxiv:2602.17124": 0.25,
  "arxiv:2602.17111": 0.45,
  "arxiv:2602.17108": 0.85,
  "arxiv:2602.17106": 0.75,
  "arxiv:2602.17103": 0.8,
  "arxiv:2602.17101": 0.35,
  "arxiv:2602.17100": 0.8,
  "arxiv:2602.17096": 0.25,
  "arxiv:2602.17095": 0.85,
  "arxiv:2602.17091": 0.55,
  "arxiv:2602.17087": 0.15,
  "arxiv:2602.17084": 0.5,
  "arxiv:2602.17078": 0.75,
  "arxiv:2602.17072": 0.65,
  "arxiv:2602.17068": 0.7,
  "arxiv:2602.17067": 0.55,
  "arxiv:2602.17066": 0.8,
  "arxiv:2602.17062": 0.8,
  "arxiv:2602.17054": 0.75,
  "arxiv:2602.17053": 0.85,
  "arxiv:2602.17051": 0.35,
  "arxiv:2602.17049": 0.8,
  "arxiv:2602.17047": 0.75,
  "arxiv:2602.17045": 0.7,
  "arxiv:2602.17038": 0.8,
  "arxiv:2602.17037": 0.8,
  "arxiv:2602.17033": 0.8,
  "arxiv:2602.17025": 0.85,
  "arxiv:2602.17022": 0.85,
  "arxiv:2602.17020": 0.05,
  "arxiv:2602.17009": 0.85,
  "arxiv:2602.17004": 0.85,
  "arxiv:2602.17003": 0.8,
  "arxiv:2602.16997": 0.2,
  "arxiv:2602.16990": 0.75,
  "arxiv:2602.16989": 0.4,
  "arxiv:2602.16987": 0.8,
  "arxiv:2602.16985": 0.0,
  "arxiv:2602.16984": 0.9,
  "arxiv:2602.16980": 0.9,
  "arxiv:2602.16977": 0.88,
  "arxiv:2602.16974": 0.75,
  "arxiv:2602.16968": 0.88,
  "arxiv:2602.16965": 0.78,
  "arxiv:2602.16964": 0.85,
  "arxiv:2602.16958": 0.85,
  "arxiv:2602.16953": 0.75,
  "arxiv:2602.16951": 0.25,
  "arxiv:2602.16947": 0.88,
  "arxiv:2602.16943": 0.9,
  "arxiv:2602.16940": 0.0,
  "arxiv:2602.16938": 0.75,
  "arxiv:2602.16936": 0.7,
  "arxiv:2602.16935": 0.85,
  "arxiv:2602.16933": 0.0,
  "arxiv:2602.16932": 0.85,
  "arxiv:2602.16931": 0.85,
  "arxiv:2602.16928": 0.85,
  "arxiv:2602.16926": 0.55,
  "arxiv:2602.16915": 0.75,
  "arxiv:2602.16902": 0.88,
  "arxiv:2602.16901": 0.9,
  "arxiv:2602.16898": 0.78,
  "arxiv:2602.16891": 0.85,
  "arxiv:2602.16890": 0.15,
  "arxiv:2602.16873": 0.8,
  "arxiv:2602.16872": 0.75,
  "arxiv:2602.16858": 0.65,
  "arxiv:2602.16853": 0.1,
  "fallback:a6435c936e61839f": 0.0,
  "fallback:64676d972524e1dd": 0.0,
  "arxiv:2602.16852": 0.2,
  "arxiv:2602.16851": 0.7,
  "arxiv:2602.16849": 0.85,
  "arxiv:2602.16844": 0.75,
  "arxiv:2602.16843": 0.65,
  "arxiv:2602.16839": 0.88,
  "arxiv:2602.16836": 0.3,
  "arxiv:2602.16835": 0.9,
  "arxiv:2602.16832": 0.78,
  "arxiv:2602.16823": 0.9,
  "arxiv:2602.16819": 0.75,
  "arxiv:2602.16813": 0.88,
  "arxiv:2602.16812": 0.25,
  "arxiv:2602.16811": 0.65,
  "arxiv:2602.16803": 0.0,
  "arxiv:2602.16802": 0.88,
  "arxiv:2602.16800": 0.85,
  "arxiv:2602.16796": 0.75,
  "arxiv:2602.16793": 0.72,
  "arxiv:2602.16787": 0.85,
  "arxiv:2602.16784": 0.75,
  "arxiv:2602.16708": 0.85,
  "arxiv:2602.16705": 0.8,
  "arxiv:2602.16704": 0.85,
  "arxiv:2602.16703": 0.25,
  "arxiv:2602.16702": 0.75,
  "arxiv:2602.16699": 0.9,
  "arxiv:2602.16698": 0.85,
  "arxiv:2602.16696": 0.2,
  "arxiv:2602.16687": 0.85,
  "arxiv:2602.16684": 0.25,
  "arxiv:2602.16682": 0.8,
  "arxiv:2602.16671": 0.75,
  "arxiv:2602.16669": 0.65,
  "arxiv:2602.16666": 0.9,
  "arxiv:2602.16662": 0.88,
  "arxiv:2602.16660": 0.75,
  "arxiv:2602.16653": 0.65,
  "arxiv:2602.16651": 0.05,
  "arxiv:2602.16650": 0.2,
  "arxiv:2602.16648": 0.0,
  "arxiv:2602.16643": 0.25,
  "arxiv:2602.16641": 0.3,
  "arxiv:2602.16640": 0.65,
  "arxiv:2602.16639": 0.85,
  "arxiv:2602.16636": 0.1,
  "arxiv:2602.16634": 0.75,
  "arxiv:2602.16626": 0.7,
  "arxiv:2602.16610": 0.8,
  "arxiv:2602.16603": 0.85,
  "arxiv:2602.16601": 0.8,
  "arxiv:2602.16763": 0.85,
  "arxiv:2602.16596": 0.85,
  "arxiv:2602.16587": 0.8,
  "arxiv:2602.16585": 0.75,
  "arxiv:2602.16584": 0.85,
  "arxiv:2602.16579": 0.25,
  "arxiv:2602.16571": 0.65,
  "arxiv:2602.16570": 0.8,
  "arxiv:2602.16554": 0.75,
  "fallback:7033c681de64957b": 0.2,
  "arxiv:2602.16553": 0.1,
  "arxiv:2602.16551": 0.65,
  "arxiv:2602.16548": 0.8,
  "arxiv:2602.16520": 0.85,
  "arxiv:2602.16516": 0.55,
  "arxiv:2602.16512": 0.88,
  "arxiv:2602.16511": 0.65,
  "arxiv:2602.16507": 0.2,
  "arxiv:2602.16505": 0.7,
  "arxiv:2602.16504": 0.2,
  "arxiv:2602.16503": 0.85,
  "arxiv:2602.16498": 0.85,
  "arxiv:2602.16494": 0.85,
  "arxiv:2602.16493": 0.88,
  "arxiv:2602.16490": 0.85,
  "arxiv:2602.16485": 0.86,
  "arxiv:2602.16481": 0.55,
  "arxiv:2602.16760": 0.87,
  "arxiv:2602.16467": 0.75,
  "arxiv:2602.16456": 0.8,
  "arxiv:2602.16453": 0.1,
  "arxiv:2602.16449": 0.75,
  "arxiv:2602.16448": 0.1,
  "arxiv:2602.16444": 0.88,
  "arxiv:2602.16438": 0.87,
  "arxiv:2602.16435": 0.88,
  "arxiv:2602.16429": 0.75,
  "arxiv:2602.16424": 0.87,
  "arxiv:2602.16422": 0.2,