{
  "fallback:cf7b1d292be16c83": 0.05,
  "fallback:9a3c94c00ad8b85e": 0.05,
  "fallback:6c24855fb78864a1": 0.15,
  "arxiv:2602.17665": 0.75,
  "arxiv:2602.17653": 0.2,
  "arxiv:2602.17636": 0.15,
  "arxiv:2602.17634": 0.35,
  "arxiv:2602.17622": 0.8,
  "arxiv:2602.17616": 0.75,
  "arxiv:2602.17611": 0.0,
  "arxiv:2602.17607": 0.8,
  "arxiv:2602.17599": 0.6,
  "arxiv:2602.17598": 0.8,
  "arxiv:2602.17588": 0.85,
  "arxiv:2602.17584": 0.75,
  "arxiv:2602.17560": 0.8,
  "arxiv:2602.17558": 0.75,
  "arxiv:2602.17550": 0.75,
  "arxiv:2602.17547": 0.8,
  "arxiv:2602.17544": 0.75,
  "arxiv:2602.17542": 0.45,
  "arxiv:2602.17535": 0.75,
  "arxiv:2602.17532": 0.78,
  "arxiv:2602.17529": 0.72,
  "arxiv:2602.17520": 0.85,
  "arxiv:2602.17518": 0.75,
  "arxiv:2602.17500": 0.05,
  "arxiv:2602.17497": 0.8,
  "arxiv:2602.17483": 0.75,
  "arxiv:2602.17481": 0.6,
  "arxiv:2602.17475": 0.65,
  "arxiv:2602.17469": 0.75,
  "arxiv:2602.17434": 0.7,
  "arxiv:2602.17433": 0.7,
  "arxiv:2602.17419": 0.75,
  "arxiv:2602.17418": 0.45,
  "arxiv:2602.17413": 0.75,
  "arxiv:2602.17410": 0.7,
  "arxiv:2602.17365": 0.88,
  "arxiv:2602.17363": 0.82,
  "arxiv:2602.17354": 0.6,
  "arxiv:2602.17316": 0.75,
  "arxiv:2602.17308": 0.7,
  "arxiv:2602.17288": 0.7,
  "arxiv:2602.17282": 0.15,
  "arxiv:2602.17271": 0.2,
  "arxiv:2602.17270": 0.8,
  "arxiv:2602.17262": 0.85,
  "arxiv:2602.17259": 0.85,
  "arxiv:2602.17251": 0.35,
  "arxiv:2602.17245": 0.8,
  "arxiv:2602.17234": 0.75,
  "arxiv:2602.17229": 0.65,
  "arxiv:2602.17223": 0.78,
  "arxiv:2602.17221": 0.55,
  "arxiv:2602.17196": 0.78,
  "arxiv:2602.17186": 0.75,
  "arxiv:2602.17185": 0.72,
  "arxiv:2602.17183": 0.73,
  "arxiv:2602.17170": 0.68,
  "arxiv:2602.17169": 0.75,
  "arxiv:2602.17168": 0.8,
  "fallback:1be4363aa25716fa": 0.3,
  "arxiv:2602.17162": 0.65,
  "fallback:9c836f2795128c3a": 0.5,
  "fallback:fcbf948f2e957168": 0.15,
  "fallback:70b04b512e5b8d61": 0.6,
  "arxiv:2602.17127": 0.88,
  "arxiv:2602.17124": 0.35,
  "arxiv:2602.17111": 0.5,
  "arxiv:2602.17108": 0.75,
  "arxiv:2602.17103": 0.25,
  "arxiv:2602.17100": 0.8,
  "arxiv:2602.17096": 0.35,
  "arxiv:2602.17095": 0.78,
  "arxiv:2602.17091": 0.75,
  "arxiv:2602.17084": 0.7,
  "arxiv:2602.17078": 0.8,
  "arxiv:2602.17068": 0.65,
  "arxiv:2602.17067": 0.6,
  "arxiv:2602.17062": 0.65,
  "arxiv:2602.17049": 0.75,
  "arxiv:2602.17045": 0.7,
  "arxiv:2602.17038": 0.7,
  "arxiv:2602.17037": 0.75,
  "arxiv:2602.17020": 0.05,
  "arxiv:2602.17009": 0.75,
  "arxiv:2602.17004": 0.75,
  "arxiv:2602.17003": 0.75,
  "arxiv:2602.16997": 0.4,
  "arxiv:2602.16987": 0.82,
  "arxiv:2602.16977": 0.78,
  "arxiv:2602.16968": 0.68,
  "arxiv:2602.16965": 0.45,
  "arxiv:2602.16958": 0.75,
  "arxiv:2602.16953": 0.75,
  "arxiv:2602.16951": 0.6,
  "arxiv:2602.16943": 0.8,
  "arxiv:2602.16935": 0.75,
  "arxiv:2602.16932": 0.8,
  "arxiv:2602.16931": 0.78,
  "arxiv:2602.16928": 0.9,
  "arxiv:2602.16926": 0.45,
  "arxiv:2602.16915": 0.62,
  "arxiv:2602.16902": 0.75,
  "arxiv:2602.16901": 0.82,
  "arxiv:2602.16898": 0.75,
  "arxiv:2602.16891": 0.8,
  "arxiv:2602.16873": 0.85,
  "fallback:a6435c936e61839f": 0.05,
  "fallback:64676d972524e1dd": 0.0,
  "arxiv:2602.16852": 0.2,
  "arxiv:2602.16849": 0.75,
  "arxiv:2602.16844": 0.7,
  "arxiv:2602.16836": 0.35,
  "arxiv:2602.16835": 0.9,
  "arxiv:2602.16819": 0.75,
  "arxiv:2602.16812": 0.25,
  "arxiv:2602.16811": 0.45,
  "arxiv:2602.16802": 0.88,
  "arxiv:2602.16800": 0.85,
  "arxiv:2602.16708": 0.8,
  "arxiv:2602.16705": 0.75,
  "arxiv:2602.16704": 0.8,
  "arxiv:2602.16703": 0.7,
  "arxiv:2602.16702": 0.75,
  "arxiv:2602.16699": 0.8,
  "arxiv:2602.16682": 0.78,
  "arxiv:2602.16666": 0.9,
  "arxiv:2602.16662": 0.82,
  "arxiv:2602.16660": 0.75,
  "arxiv:2602.16653": 0.65,
  "arxiv:2602.16585": 0.8,
  "arxiv:2602.16584": 0.8,
  "arxiv:2602.16554": 0.8,
  "fallback:7033c681de64957b": 0.4,
  "arxiv:2602.16553": 0.2,
  "arxiv:2602.16520": 0.75,
  "arxiv:2602.16493": 0.9,
  "arxiv:2602.16485": 0.85,
  "arxiv:2602.16448": 0.1,
  "arxiv:2602.16438": 0.8,
  "arxiv:2602.16412": 0.75,
  "fallback:328a53729df06635": 0.7,
  "arxiv:2602.16317": 0.7,
  "arxiv:2602.16756": 0.8,
  "arxiv:2602.16301": 0.9,
  "fallback:6bbe35b78a036ef7": 0.05,
  "fallback:7a4f73fdfe61f776": 0.15,
  "arxiv:2602.16245": 0.4,
  "arxiv:2602.16173": 0.8,
  "arxiv:2602.16171": 0.05,
  "arxiv:2602.16157": 0.6,
  "fallback:290081df3883fdd9": 0.05,
  "arxiv:2602.16144": 0.5,
  "arxiv:2602.16138": 0.78,
  "arxiv:2602.16742": 0.7,
  "arxiv:2602.16108": 0.35,
  "arxiv:2602.16053": 0.75,
  "arxiv:2602.16019": 0.78,
  "arxiv:2602.16008": 0.8,
  "arxiv:2602.15989": 0.2,
  "arxiv:2602.15950": 0.75,
  "arxiv:2602.15829": 0.7,
  "arxiv:2602.15823": 0.85,
  "arxiv:2602.15799": 0.85,
  "arxiv:2602.15927": 0.8,
  "arxiv:2602.15772": 0.75,
  "arxiv:2602.15769": 0.65,
  "arxiv:2602.15758": 0.7,
  "arxiv:2602.15740": 0.35,
  "arxiv:2602.15725": 0.85,
  "arxiv:2602.15676": 0.75,
  "arxiv:2602.15650": 0.7,
  "arxiv:2602.15645": 0.8,
  "arxiv:2602.15922": 0.9,
  "fallback:9cfe686e4a712137": 0.05,
  "arxiv:2602.15604": 0.05,
  "arxiv:2602.15584": 0.2,
  "arxiv:2602.15571": 0.6,
  "arxiv:2602.15569": 0.78
}